protein,ligand,index,type,acceptor_resname,acceptor_resnum,acceptor_atom,donor_resname,donor_resnum,donor_atom,distance,angle,ring1_resname,ring1_resnum,ring2_resname,ring2_resnum,cation_atom
2RH1,2RH1,0,hbond_donor,ASP,113,O.3,LIG,0,O.3,3.249362330531452,122.81258392333984,0,0,0,0,0
2RH1,2RH1,0,hbond_donor,ASP,113,O.2,LIG,0,N.3,3.1753531135666133,83.201416015625,0,0,0,0,0
2RH1,2RH1,0,hbond_donor,SER,203,O.3,LIG,0,N.ar,3.2895367693709696,132.3223876953125,0,0,0,0,0
2RH1,2RH1,0,hbond_donor,ASN,312,O.2,LIG,0,O.3,3.052775168659659,84.88018035888672,0,0,0,0,0
2RH1,2RH1,0,hbond_donor,ASN,312,O.2,LIG,0,N.3,2.9727533048718056,106.81976318359375,0,0,0,0,0
2RH1,2RH1,0,hbond_donor,TYR,316,O.3,LIG,0,N.3,3.1300469323915405,130.19882202148438,0,0,0,0,0
2RH1,2RH1,0,hbond_acceptor,LIG,0,O.3,ASP,113,O.3,3.249362330531452,99.6073226928711,0,0,0,0,0
2RH1,2RH1,0,hbond_acceptor,LIG,0,O.3,ASN,312,N.am,3.3979201561340218,87.69237518310547,0,0,0,0,0
2RH1,2RH1,0,hphob,VAL,114,C.3,LIG,0,C.ar,3.876974831191445,0.0,0,0,0,0,0
2RH1,2RH1,0,hphob,VAL,114,C.3,LIG,0,C.ar,3.65697596876622,0.0,0,0,0,0,0
2RH1,2RH1,0,hphob,VAL,114,C.3,LIG,0,C.ar,3.9110540401492826,0.0,0,0,0,0,0
2RH1,2RH1,0,hphob,VAL,114,C.3,LIG,0,C.ar,3.87029617513509,0.0,0,0,0,0,0
2RH1,2RH1,0,hphob,VAL,114,C.3,LIG,0,C.ar,3.9487788966698223,0.0,0,0,0,0,0
2RH1,2RH1,0,hphob,VAL,114,C.3,LIG,0,C.ar,3.6295640597121572,0.0,0,0,0,0,0
2RH1,2RH1,0,hphob,VAL,117,C.3,LIG,0,C.ar,3.72518811781279,0.0,0,0,0,0,0
2RH1,2RH1,0,hphob,VAL,117,C.3,LIG,0,C.ar,3.7615114681197466,0.0,0,0,0,0,0
2RH1,2RH1,0,hphob,PHE,193,C.3,LIG,0,C.3,3.7389924992979444,0.0,0,0,0,0,0
2RH1,2RH1,0,hphob,PHE,193,C.ar,LIG,0,C.ar,3.571315222364002,0.0,0,0,0,0,0
2RH1,2RH1,0,hphob,PHE,193,C.ar,LIG,0,C.ar,3.986084342854744,0.0,0,0,0,0,0
2RH1,2RH1,0,hphob,PHE,193,C.ar,LIG,0,C.ar,3.4779346903735044,0.0,0,0,0,0,0
2RH1,2RH1,0,hphob,PHE,193,C.ar,LIG,0,C.ar,3.6138004873828864,0.0,0,0,0,0,0
2RH1,2RH1,0,hphob,PHE,290,C.ar,LIG,0,C.ar,3.833637819713835,0.0,0,0,0,0,0
2RH1,2RH1,0,hphob,PHE,290,C.ar,LIG,0,C.ar,3.9307328566613142,0.0,0,0,0,0,0
2RH1,2RH1,0,hphob,PHE,290,C.ar,LIG,0,C.ar,3.9537880840521344,0.0,0,0,0,0,0
2RH1,2RH1,0,hphob,PHE,290,C.ar,LIG,0,C.ar,3.9105337786324026,0.0,0,0,0,0,0
2RH1,2RH1,0,hphob,PHE,290,C.ar,LIG,0,C.ar,3.76035585752631,0.0,0,0,0,0,0
2RH1,2RH1,0,hphob,PHE,290,C.ar,LIG,0,C.ar,3.7907817007882842,0.0,0,0,0,0,0
2RH1,2RH1,0,pi_stacking,0,0,0,0,0,0,6.156597769587514,31.508214950561523,TYR,199,LIG,0,0
2RH1,2RH1,0,pi_stacking,0,0,0,0,0,0,6.09159336118579,21.915058135986328,TYR,199,LIG,0,0
2RH1,2RH1,0,pi_stacking,0,0,0,0,0,0,6.311163954932404,20.113630294799805,PHE,193,LIG,0,0
2RH1,2RH1,0,pi_stacking,0,0,0,0,0,0,5.097673033447573,8.440896034240723,PHE,193,LIG,0,0
2RH1,2RH1,0,pi_stacking,0,0,0,0,0,0,5.125807167166516,66.46602630615234,PHE,290,LIG,0,0
2RH1,2RH1,0,pi_stacking,0,0,0,0,0,0,5.9863172061049434,67.20426940917969,PHE,290,LIG,0,0
2RH1,2RH1,0,pi_stacking,0,0,0,0,0,0,4.846008925345058,65.03038024902344,PHE,290,LIG,0,0
2RH1,2RH1,0,pi_stacking,0,0,0,0,0,0,5.840758530571628,9.490653991699219,PHE,289,LIG,0,0
2RH1,2RH1,0,pi_cation,0,0,0,0,0,0,5.48632575426437,74.34660339355469,TYR,316,LIG,0,N.3
